label, xcoord, ycoord, zcoord, clust10
1, 7.2436, 37.0109, 9.4255, 2
2, 7.9865, 46.2222, 15.6094, 2
3, 7.5573, 33.8321, 23.5115, 2
4, 9.1159, 22.4549, 24.206, 2
5, 8.9024, 36.187, -0.31707, 2
6, -5.214, -12.5263, 42.1193, 3
7, -4.8908, 6.8487, 36.1513, 4
8, -5.1982, 17.8238, 36.8899, 2
9, -8.0166, -38.0166, 48.7386, 1
10, -6.1149, -34.6743, 34.6437, 2
11, -6.5929, -24.1976, 44.2688, 7
12, -6.0297, -38.0099, 40.9505, 2
13, -5.0171, -5.7521, 37.6667, 3
14, 6.874, -23.6142, 33.7795, 2
15, 8.4663, -42.2902, 34.4145, 2
16, 9.4517, -27.4054, 45.444, 1
17, 8.187, 19.8618, 33.1138, 2
18, 6.3439, -17.2982, 42.8912, 8
19, 6.4421, -4.5825, 39.5368, 3
20, 8.4219, 26.4051, 36.4219, 2
21, 6.8313, 6.1893, 36.535, 4
22, 8.6667, -37.9005, 42.4776, 2
23, -5.9921, -45.6364, 18.6957, 2
24, -4.2571, -42.4095, 28.8, 2
25, 7.1761, -43.0866, 20.4716, 2
26, -8.2065, -68.3304, 26.3599, 2
27, -3.8661, -79.0268, 20.9911, 2
28, -8.2105, -90.7773, 29.1417, 2
29, -7.2627, -87.5254, 17.161, 2
30, -6.5387, -81.3358, 35.3801, 2
31, -1.7941, -87.0882, 24.1471, 2
32, 14.5089, -83.5714, 30.4018, 2
33, 9.5646, -72.9668, 28.0886, 2
34, 12.5794, -83.1825, 19.6984, 2
35, 11.4113, -76.4762, 25.2468, 2
36, 16.4321, -95.4815, 10.6543, 2
37, 15.7465, -78.0634, 39.7676, 2
38, -46.2979, 12, 7.4255, 2
39, -51.2709, 12.1266, 24.9975, 2
40, -47.7051, 7.788, 14.8756, 2
41, -47.6555, 13.4118, 16.7227, 2
42, 51.4373, 14.6464, 4.365, 2
43, 45.0684, 11.4188, 32.5043, 2
44, 52.4215, 13.4876, 17.3058, 2
45, 51.693, 11.2837, 25.2, 2
46, 44.1841, 16.8787, 31.431, 2
47, 55.4078, 14, 11.5631, 2
48, -37.7845, 39.5086, -10.0948, 2
49, -42.861, 28.0359, -12.861, 2
50, -35.2563, 37.6281, -12.9749, 2
51, -46.6697, 22.9593, -7.3032, 2
52, -45.6954, 36.9645, -6.3858, 2
53, -22.9913, 19.5246, -21.9884, 2
54, -31.7143, 28.7326, -16.4689, 2
55, -23.5091, -1.9455, -18.4545, 2
56, 45.6897, 33.9741, -14.0517, 2
57, 31.084, 31.771, -17.458, 2
58, 38.4103, 25.3333, -16.7265, 2
59, 25.7468, 20.7342, -19.3418, 2
60, 52.0876, 38, -6.749, 2
61, 51.2661, 25.3387, -8.1935, 2
62, 42.0247, 41.3086, -10.5926, 2
63, -44.7435, 32.3792, 18.8401, 2
64, -49.6667, 21.725, 17.95, 2
65, -48.4956, 29.2743, 7.3186, 2
66, -46.2776, 25.3878, 1.7878, 2
67, -40.7033, 40.0366, 10.0659, 2
68, -45.4762, 34.1238, 7.581, 2
69, -46.7774, 19.8717, 7.1623, 2
70, -45.7692, 27.0154, 24.8308, 2
71, -48.3768, 17.7754, 26.7609, 2
72, -43.366, 39.4189, 1.034, 2
73, 53.2681, 31.2681, 1.8128, 2
74, 47.5591, 31.3858, 22.4646, 2
75, 53.0341, 28.6634, 9.7561, 2
76, 48.7431, 36.4032, 10.9486, 2
77, 50.4462, 18.9462, 21.3462, 2
78, 47.4502, 39.3944, 1.004, 2
79, 54.2455, 22.6818, 3.6545, 2
80, 50.4, 25.9822, 15.4667, 2
81, 46.6935, 24.6452, 26.5403, 2
82, -5.7107, 39.3388, -10.4545, 2
83, -6.5167, 63.6, -5.85, 2
84, -4.0675, 54.7511, -10.27, 2
85, 7.9649, 37.5439, -9.5579, 2
86, 9.1049, 62.8601, -7.6853, 2
87, 6.4281, 50.7719, -8.3088, 2
88, -36.0496, 51.1983, 14.3058, 2
89, -33.2829, 40.0876, 26.9163, 2
90, -39.7887, 15.9396, 42.9358, 2
91, -33.2419, 26.6715, 43.9639, 2
92, -30.3689, 49.8115, 20.0574, 2
93, -25.4217, 15.7992, 54.8514, 2
94, -35.5743, 7.4538, 51.3173, 2
95, -44.779, 17.3034, 37.1461, 2
96, -36.4535, 34.052, 34.4387, 2
97, -39.547, 24.2479, 40.3248, 2
98, -42.0308, 33.9897, 26.2667, 2
99, -39.7313, 49.7985, 4.291, 2
100, -25.6644, 28.7315, 47.953, 2
101, -28.1577, 3.5269, 57.0824, 2
102, -24.0238, 47.4286, 28.627, 2
103, -29.1795, 39.8632, 34.7094, 2
104, -30.2905, 55.8176, 8.1554, 2
105, -39.7642, 42.6812, 19.5022, 2
106, -31.7887, 17.2604, 51.1396, 2
107, -25.1266, 54.131, -11.4934, 2
108, -40.7913, 50.2435, -5.3043, 2
109, -24.4211, 38.6754, -16.6754, 2
110, -33.4428, 54.0697, -10.4577, 2
111, 24.4667, 57.075, -13.55, 2
112, 40.4545, 50.0909, -11.7803, 2
113, 27.6453, 43.5547, -16.8906, 2
114, 38.6585, 55.2033, -6.0407, 2
115, 37.6599, 20.7687, 46.4558, 2
116, 28.193, 53.9912, 20.9474, 2
117, 37.3462, 36.4, 35.4769, 2
118, 29.9353, 28.0324, 43.9482, 2
119, 43.7143, 7.7551, 47.0367, 2
120, 44.7353, 45.2549, 11.6078, 2
121, 37.9224, 51.8966, 13.4914, 2
122, 41.5595, 40.2555, 25.0661, 2
123, 34.2568, 55.6959, 3.2027, 2
124, 27.4841, 46.2937, 29.627, 2
125, 43.9051, 37.4941, 19.502, 2
126, 31.3718, 14.5321, 54.4103, 2
127, 38.9692, 0.45815, 51.0485, 5
128, 44.636, 48.1841, 4.0753, 2
129, 35.626, 47.9695, 24.9618, 2
130, 38.041, 8.6639, 52.7049, 2
131, 38.8684, -1.4868, 58.2632, 5
132, 44.6929, 29.1929, 33.7786, 2
133, 29.4194, 37.5197, 37.1398, 2
134, 44.0065, 20.4337, 40.6861, 2
135, -17.6947, 33.9875, 47.8816, 2
136, -24.6929, -6.2756, 64.4331, 2
137, -20.75, 55.4375, 24.5469, 2
138, -23.1095, 60.2774, 2.9562, 2
139, -22.3289, 40.0537, 37.5034, 2
140, -16.8, -8, 74.8533, 2
141, -21.586, 2.8912, 62.7158, 2
142, -14.5333, 25.1509, 52.8561, 2
143, -14.2836, 51.0522, 31.8582, 2
144, -15.4286, 5.4622, 63.1429, 2
145, -14.6331, 42.6619, 41.5324, 2
146, -18.8729, 17.5739, 57.7182, 2
147, -19.8333, 61.9333, 10.5833, 2
148, -16.7845, 60.9052, 18.5345, 2
149, 27.0565, -0.57258, -18.8065, 2
150, -4.168, 52.752, 38.272, 2
151, -5.6976, 61.0537, 18.6439, 2
152, -6.3842, 33.1626, 55.0542, 2
153, -2.5479, 28.5205, 53, 2
154, -5.0095, 50.4669, 19.6719, 2
155, -5.6774, 26.6613, 40.3145, 2
156, -8.6214, 64.9515, 5.3139, 2
157, -5.5149, 44.2383, 48.017, 2
158, -6.8716, 60.8716, 27.4495, 2
159, -5.097, 57.3913, 7.4047, 2
160, -1.8988, 46.7082, 31.1051, 2
161, -3.7246, 36.6164, 36.118, 2
162, 9.9355, 66.1475, 6.5161, 2
163, 9.3978, 52.9814, 3.1524, 2
164, 7.1765, 48.1412, 38.6275, 2
165, 10.4404, 53.8349, 36.4954, 2
166, 7.1176, 57.4485, 15.7426, 2
167, 10.4261, 64.3304, 20.8087, 2
168, 7.4259, 27.9444, 48.5185, 2
169, 10.009, 34.0543, 56.6335, 2
170, 7.3475, 38.5254, 40.6695, 2
171, -13.7438, 55.3103, -14.601, 2
172, -14.7544, 25.9644, -21.1103, 2
173, -17.5812, 45.4957, -15.8718, 2
174, -21.0286, 61.4286, -6.3837, 2
175, 23.0988, 62.0237, -5.004, 2
176, 17.668, 25.9614, -21.3282, 2
177, 14.8644, 57.2627, -15.5763, 2
178, 16.8514, 42.3614, -20.008, 2
179, 22.6667, 62.3004, 2.7692, 2
180, 20.5196, 63.1667, 12.0098, 2
181, 23.7559, 25.3492, 51.0169, 2
182, 28.6068, 56.906, 12.3932, 2
183, 17.1832, 30.1603, 51.4733, 2
184, 17.6596, 59.4468, 19.5851, 2
185, 20.4551, 15.9401, 56.2216, 2
186, 18.9828, -8.7423, 70.1031, 2
187, 26.2599, 4.491, 60.361, 2
188, 18, 50.3789, 32.4842, 2
189, 22.988, 37.9518, 37.4378, 2
190, 16.7574, 41.7872, 38.9106, 2
191, 20, 53.2081, 25.401, 2
192, 19.7046, 38.1435, 45.4008, 2
193, 18.7481, 3.8741, 63.0667, 2
194, 29.2476, -6.1254, 65.0408, 2
195, -26.7328, -76.7414, -12.5776, 2
196, -29.2953, -56.7248, -14.4832, 2
197, -25.8182, -41.7121, -14.697, 2
198, -39.5507, -51.9058, -17.8768, 2
199, -27.8498, -9.5731, -37.0751, 2
200, -29.634, -27.7106, -25.7787, 2
201, -27.9819, -0.88688, -38.6968, 2
202, -36.5856, -31.4905, -22.8821, 2
203, -37.4457, -67.7678, -14.382, 2
204, 29.3644, -63.6017, -10.161, 2
205, 32.2518, -44.8777, -12.0647, 2
206, 32.6547, -9.6592, -38.287, 2
207, 27.7978, -52.7416, -16.2322, 2
208, 35.5152, -32.6061, -23.8923, 2
209, 28.0565, -77.5484, -10.379, 2
210, 39.4248, -21.2655, -26.4159, 2
211, 31.8714, 0.52143, -39.4643, 2
212, 40.6204, -62.0185, -17.6019, 2
213, 40.6478, -42.6154, -20.6721, 2
214, -42.3467, -20.0356, 8.6756, 2
215, 45.8795, -18.1446, 9.0442, 2
216, -19.3495, -33.5631, -0.58252, 2
217, -29.7615, -31.6881, -6.7706, 2
218, -20.6667, -11.0206, -18.9959, 2
219, -30.3472, -14.9811, -16.5962, 2
220, -38.0952, -63.9444, 42.8651, 2
221, -47.5475, -61.81, 25.3665, 2
222, -42.8033, -62.9098, 38.8033, 2
223, -49.5164, -55.8934, 31.2787, 2
224, -44.7547, -66.3208, 31.6321, 2
225, 22.2679, -31.7225, -1.5024, 2
226, 33.2985, -13.0821, -16.2537, 2
227, 26.6111, -11.9921, -18.9683, 2
228, 32.7097, -30.8756, -6.9217, 2
229, -40.3616, -5.2177, 1.0258, 2
230, -35.3482, -18.8036, 10.25, 2
231, -31.5238, 23.3114, 1.3846, 2
232, -31.9487, 14.8864, 9.3187, 2
233, -35.6094, 14.1751, -6.3502, 2
234, -36.0891, -4.2186, 13.1822, 2
235, -37.0623, 7.8315, -10.3663, 2
236, 37.2016, 23.8735, 0.19763, 2
237, 33.4864, 16.8716, -13.9844, 2
238, 40.3333, 13.2074, 0.28148, 2
239, 40.8775, 7.0909, 1.0198, 2
240, 42.8352, -5.7318, -3.5709, 2
241, 39.9316, -3.8547, 10.4188, 2
242, 36.2149, -18.3967, 12.9917, 2
243, -7.0961, -78.4626, -3.8932, 2
244, -15.8228, -88.0675, -14.962, 2
245, -19.9189, -68.4459, -2.8041, 2
246, -20.309, -90.2918, -13.3906, 2
247, -6.1509, -68.2792, 1.9547, 2
248, -12.8498, -49.7656, -2.5788, 2
249, -17.8493, -64.0342, -9.2329, 2
250, -20.211, -44.3853, -5.1101, 2
251, 17.6134, -49.2937, -0.38662, 2
252, 10.4083, -67.0104, 1.9931, 2
253, 16.1311, -77.423, -9.6459, 2
254, 22.2687, -82.3806, -9.0299, 2
255, 24.3023, -94.5349, -13.6628, 2
256, 10.8288, -66.8699, -6.5548, 2
257, 10.3636, -46.9626, -1.1872, 2
258, 20.5122, -47.8455, -7.0325, 2
259, 14.7721, -81.1397, -3.2721, 2
260, -46.7109, -67.2607, -13.2038, 2
261, -23.0204, -93.2327, -8.7837, 2
262, -42.6814, -73.8407, -6.1062, 2
263, -35.4749, -81.668, -8.9035, 2
264, 44.2941, -72.3897, -12.4559, 2
265, 29.0046, -94.7671, -6.0457, 2
266, 34.867, -87.2961, -11.133, 2
267, 41.2453, -81.1019, -5.9925, 2
268, -24, -94.2342, 8.1081, 2
269, -25.9114, -88.9668, 15.941, 2
270, -33.767, -86.8252, 6.7282, 2
271, -38.7111, -81.7689, 10.3733, 2
272, -43.2555, -73.8864, 1.0978, 2
273, -42.5605, -73.6497, 15.0764, 10
274, -16.75, -100.6136, 3.3409, 2
275, -21.4969, -93.9497, -2.2893, 2
276, -27.3227, -78.23, 31.4633, 2
277, -37.3652, -73.2082, 28.5119, 2
278, -32.2318, -73.2848, 34.9007, 2
279, -34.6283, -81.8319, 20.7876, 2
280, -33.0894, -85.935, -1.2033, 2
281, 38.536, -80.904, 19.648, 2
282, 30.2305, -91.2565, 10.342, 2
283, 43.2599, -77.4009, 3.7093, 2
284, 40.7521, -79.7934, 11.9587, 2
285, 31.5927, -82.64, 25.1055, 2
286, 34.2991, -90.972, 2.486, 2
287, 35.7546, -76.6074, 34.2515, 2
288, 43.261, -71.5322, 26.6915, 2
289, -12.9705, -95.3924, 9.2321, 2
290, -14.9153, -87.2814, 20.8881, 2
291, -16.3284, -83.3507, 31.1343, 2
292, -17.1565, -79.0927, 40.6262, 2
293, -22.4111, -84.9565, 28.7431, 2
294, 45.688, -59.272, 43.616, 2
295, 42.9623, -67.4226, 37.1046, 2
296, 48.0553, -63.2253, 32.3794, 2
297, 34.6838, -67.8462, 44.9231, 2
298, 50.9213, -57.5431, 26.3296, 2
299, 38.7177, -62.879, 46.9919, 2
300, 53.9387, -51.8314, 31.4789, 2
301, 21.6878, -83.1814, 22.5992, 2
302, 18.6923, -84.9135, 28.5577, 2
303, 23.7355, -82.314, 35.719, 2
304, 28.1646, -74.2215, 42.4684, 2
305, 23.7553, -90.5638, 12.0319, 2
306, 25.7748, -82.8018, 25.8108, 2
307, -8.2643, 13.8643, -12.6857, 2
308, 10.1246, 14.6644, -12.5606, 2
309, -18.0614, -1.3584, -1.0444, 2
310, 20.9214, -1.0571, -1.0857, 2
311, -20.0413, -2.0413, -26.3306, 2
312, -19.6015, -6.8046, -29.9234, 2
313, -20.2542, -32.822, -12.6186, 2
314, -26.251, -28.8536, -17.8912, 2
315, 29.7681, -35.5556, -10.7343, 2
316, 20.6881, -28.0734, -15.2202, 2
317, 25.4052, 1.1034, -31.6034, 2
318, 20.1043, -2.487, -23.9304, 2
319, 29.7061, -19.0041, -25.4612, 2
320, -10.8369, -19.8085, 75.6454, 2
321, -7.3141, -20.1155, 62.8809, 2
322, -5.5564, -27.5331, 64.7704, 2
323, -9.2279, -31.5588, 76.4926, 2
324, -6.659, -34.9962, 63.0805, 2
325, 8.3277, -33.8983, 58.0621, 2
326, 6.7837, -26.351, 74.6122, 2
327, 5.6878, -38.3291, 71.7468, 2
328, -48.9542, -37.8397, 46.1145, 2
329, -37.1091, -55.6873, 52.6077, 2
330, -50.7756, -27.6474, 41.9679, 2
331, -41.0914, -44.5251, 52.1475, 2
332, -44.5399, -51.2852, 46.7072, 2
333, -45.7258, -50.2676, 39.5318, 2
334, -49.5655, -40.6, 39.6276, 2
335, -30.61, -64.9677, 43.3138, 2
336, -8.4844, -84.5952, 4.8028, 2
337, -4.2289, -88.4337, -8.2892, 2
338, -2.0469, -86.7793, -0.10329, 2
339, -7.2738, -70.9108, 14.0985, 2
340, -11.0492, -59.5316, 8.7588, 2
341, -5.3402, -97.7423, -7.9485, 2
342, -7.8222, -100.4111, -1.3778, 2
343, 1.0526, -86.7068, 9.4887, 2
344, -11.8429, -77.3112, 11.2991, 2
345, 49.5193, -41.0129, 47.4592, 2
346, 45.8043, -39.413, 52.8913, 2
347, 39.9697, -53.2909, 51.8182, 2
348, 47.4961, -51.4806, 46.5271, 2
349, 50.9597, -51.2258, 40.5565, 2
350, -27.6036, -54.5766, 65.1982, 2
351, -24.787, -64.0578, 56.7726, 2
352, -19.2424, -59.447, 61.7652, 2
353, -16.5223, -72.2474, 51.0241, 2
354, -21.2453, -72.1585, 45.4113, 2
355, -30.9874, -47.1213, 63.749, 2
356, -18.9108, -49.0704, 69.3991, 2
357, -30.6871, -61.7483, 53.2517, 2
358, 28.9802, -69.1225, 52.2688, 2
359, 18.5462, -73.2521, 50.5042, 2
360, 23.8197, -58.041, 67.1721, 2
361, 42.1197, -46.6325, 59.5812, 2
362, 15.4353, -59.5216, 68.0314, 2
363, 18.6613, -69.9597, 58.0403, 2
364, 20.9426, -49.5082, 68.7131, 2
365, 34.2063, -54.3889, 61.9921, 2
366, 30.3701, -62.8425, 59.8425, 2
367, -20.487, -39.1813, 74.4974, 2
368, -56.426, -3.9172, 18.071, 2
369, -44.1693, -32.6082, 51.6614, 2
370, -41.9646, -28.3451, 57.3805, 2
371, -49.9185, -18.9926, 44.4296, 2
372, -45.7844, -12.9219, 46.5948, 2
373, -42.5312, -21.8047, 52.3281, 2
374, -50.5794, -9.6825, 36.8968, 2
375, -60.6772, -17.3862, 20.5397, 2
376, -36.3583, -38.1173, 58.886, 2
377, -57.269, -8.7513, 27.8173, 2
378, -56.1195, -17.8805, 32.255, 2
379, -21.1246, -33.5231, 68.1708, 2
380, -56.1043, -12.8435, 20.313, 2
381, -29.8939, -31.3551, 65.0776, 2
382, -26.5966, -40.4202, 64.2437, 2
383, 21.4059, -41.2079, 72.3168, 2
384, 56.3954, -17.3688, 38.8061, 2
385, 65.0769, -11.4038, 19.9904, 2
386, 54.9594, -15.0701, 33.0406, 2
387, 30.0637, -33.6096, 66.5578, 2
388, 45.8679, -27.2072, 53.5676, 2
389, 14.0113, -45.8983, 71.9548, 2
390, 23.6954, -34.4901, 62.8675, 2
391, 13.5625, -36.3875, 73.5375, 2
392, 29.4104, -44.2313, 63.5896, 2
393, 63.3942, -3.3365, 21.5192, 2
394, 53.0704, -8.3028, 33.5915, 2
395, 51.7637, -21.0836, 48.3919, 2
396, 36.7826, -36.3557, 62.2292, 2
397, 39.6216, -32.8581, 55.3784, 2
398, -49.1765, 1.1513, 40.1849, 2
399, -42.8253, 6.119, 42.4015, 2
400, -51.7569, -2.1725, 32, 2
401, -48.1931, 7.0888, 32.3089, 2
402, -34.3927, -3.0502, 53.8539, 9
403, -21.0391, -14.4375, 71.5312, 2
404, -41.5906, -7.4252, 48.0157, 2
405, -35.4163, -19.6498, 59.2996, 2
406, -53.0588, 2.6228, 22.955, 2
407, -36.8632, -13.453, 55.4957, 2
408, -41.2302, 0.14286, 48.5873, 2
409, -31.4574, -25.0543, 63.7287, 2
410, -24.4245, -21.6163, 69.6898, 2
411, -30.4149, -9.6846, 60.6307, 2
412, 59.5238, 4.4365, 22.0079, 2
413, 36.8647, -11.3534, 57.8797, 2
414, 24.25, -18.8438, 77.3438, 2
415, 51.2399, -7.4539, 41.0554, 2
416, 36.7422, -23.2578, 59.7578, 2
417, 50.069, 7.4, 40.2897, 2
418, 26.3846, -25.6154, 67.3504, 2
419, 48.9026, 0.0064935, 44.461, 2
420, 40.1691, -11.4779, 54.9559, 2
421, 45.4527, -12.8919, 48.1284, 2
422, 52.6601, 4.4052, 31.6013, 2
423, 18.7886, -26.6514, 73.3143, 2
424, 30.1991, -16.7013, 65.9654, 2
425, 17.4875, -20.3, 71.2625, 2
426, -4.4953, -50.6542, 59.7009, 2
427, -10.6448, -54.6557, 70.1858, 2
428, -5.9761, -57.6972, 31.4343, 2
429, -6.9721, -63.3147, 27.8566, 2
430, -5.7251, -50.6635, 65.6019, 2
431, -10.1579, -69.9123, 53.8509, 2
432, -10.7337, -51.1608, 11.3266, 2
433, -3.8631, -68.8365, 41.4144, 2
434, -7.2335, -75.1366, 44.2555, 2
435, -4.3821, -61.878, 50.3252, 2
436, -6.7972, -45.5801, 53.9786, 2
437, -10.3206, -62.0992, 62.1145, 2
438, -10.453, -45.1624, 73.4615, 2
439, -7.2688, -50.2007, 41.0968, 2
440, 5.7406, -48.4017, 58.9874, 2
441, 7.9048, -56.5397, 67.9048, 2
442, 8.5114, -48.0227, 68.5, 2
443, 10.7755, -69.0449, 37.3143, 2
444, 14.4582, -61.1855, 24.3564, 2
445, 7.6271, -63.1186, 60.0508, 2
446, 9.2295, -60.6885, 40.8852, 2
447, 9.9783, -55.278, 27.5307, 2
448, 7.7073, -71.1707, 47.8618, 2
449, 7.0954, -53.8257, 45.4689, 2
450, 9.2632, -45.7053, 45.9298, 2
451, 10.3558, -70.8654, 54.7404, 2
452, 13.4604, -48.0693, 11.1337, 2
453, -24.0604, 4.7774, 8.0377, 2
454, -26.2977, 2.0153, -4.4809, 2
455, -18.9764, 12.8425, -3.0551, 2
456, -27.807, -10.6667, 3.9474, 2
457, 15.8997, -56.9027, 11.7227, 2
458, 17.75, -96.5469, -0.75, 2
459, 11.1958, -85.1049, 10.2727, 2
460, 13.4472, -72.2484, 11.4348, 2
461, 16.3404, -79.5562, 3.921, 2
462, 19.4817, -63.1159, 9.811, 2
463, 31.1189, -10.1233, 1.1101, 2
464, 30.6667, 2.866, 5.3196, 2
465, 23.0219, 14.3358, -4.2044, 2
466, 25.5441, 5.3309, 2.2868, 2
467, -4.3925, 49.1698, -17.9321, 2
468, -4.7826, 39.5652, -21.7628, 2
469, -6.7725, 22.1018, -19.2036, 2
470, 9.6471, 24.3235, -21.1324, 2
471, 7.3612, 31.7871, -18.2357, 2
472, 6.6762, 50.9048, -18.7429, 2
473, -45.5229, -14.1699, 12.5033, 2
474, -48.4154, -15.822, 14.4926, 2
475, -48.5714, 0.67347, 13.1327, 2
476, -47.2752, -0.65772, 8.0537, 2
477, 53.1956, -11.2915, 16.679, 2
478, 57.5108, -13.709, 13.8762, 2
479, 49.8038, -6.8453, 11.6075, 2
480, 48.8725, -4.9195, 15.8322, 2
481, 51.5287, 4.2299, 5.4368, 2
482, -5.766, -1.9716, 50.9929, 2
483, -2.6068, 12, 55.2735, 2
484, -6.9796, 12.3755, 66.6449, 2
485, -5.6667, 20.914, 62.0323, 2
486, -4.5523, 17.0544, 47.8494, 2
487, -7.9841, -7.246, 71.3254, 2
488, -5.4444, -15.2302, 56.0952, 2
489, -3.75, -2.1466, 62.7586, 2
490, -8.3378, 2.3733, 69.6533, 2
491, 7.6299, -14.3132, 71.1957, 2
492, 7.9424, 14.0504, 49.9928, 2
493, 12.7323, 14.2047, 64.7874, 2
494, 7.5779, 12.0503, 64, 2
495, 6.018, 9.3604, 59.2973, 2
496, 6.1189, -11.2587, 60.9371, 2
497, 8.0066, -2.4636, 52.0993, 2
498, 9.451, -1.1451, 70.3451, 2
499, 8.6531, -21.4422, 54.8163, 2
500, -54.1365, -46.1847, 30.9558, 2
501, -58.4047, -26.2101, 22.2646, 2
502, -55.7992, -43.1647, 25.51, 2
503, -55.6719, -25.625, 34.2656, 2
504, -56.6694, -34.0245, 32.7347, 2
505, 59.5067, -38.843, 26.8969, 2
506, 61.6585, -24.5122, 22.9106, 2
507, 61.2423, -20.2203, 28.9515, 2
508, 54.3843, -28.0314, 38.8314, 2
509, 56.6691, -44.7584, 31.3606, 2
510, 56.0417, -40.15, 40.4583, 2
511, 58.2008, -32.3264, 30.3515, 2
512, 51.7236, -32.5455, 43.2727, 2
513, -45.3, 0.39091, -38.3182, 2
514, -54.3208, -59.5723, -10.3333, 2
515, -56.6129, -49.5242, -14.9758, 2
516, -57.9435, -41.0161, -18.3306, 2
517, -38.6104, -7.5422, -37.5341, 2
518, -43.0296, -26.1037, -23.837, 2
519, -47.0947, -15.3158, -30.2526, 2
520, -54.0427, -10.2991, -30.2479, 2
521, -57.1159, -34.867, -22.8584, 2
522, -50.947, -53.9011, -19.3286, 2
523, -42.396, 5.0693, -36.7129, 2
524, -45.3333, -38.587, -22.0145, 2
525, -56.0611, -22.5852, -24.4105, 2
526, -13.685, 17.2283, 10.2283, 2
527, -7.4024, 14.4462, -4.5179, 2
528, -15.0311, -4.4, 20.2311, 2
529, -11.2241, 10.0948, 7.5345, 2
530, 59.5, -19.75, -25.9091, 2
531, 48.8759, -16.9448, -29.4207, 2
532, 52.2032, -2.7487, -36.7807, 2
533, 50.7609, -63.9185, -13.5707, 2
534, 37.7432, 4.7027, -41.8784, 2
535, 63.3854, -28.6146, -21.1146, 2
536, 50.0723, 4.2048, -40.988, 2
537, 54.7092, -57.9541, -8.25, 2
538, 51.5543, -43.6481, -24.1818, 2
539, 60.4981, -42.855, -14.4015, 2
540, 55.0201, -49.6174, -16.6577, 2
541, 58.0879, -8.7692, -31.5165, 2
542, 56.6202, -37.1395, -23.0233, 2
543, 42.6337, -4.7525, -40.1782, 2
544, -60.9197, -26.9708, -10.2482, 2
545, -60.837, -42.1556, -0.88889, 2
546, -47.2019, -57.4366, 17.9812, 2
547, -54.6779, -5.4295, -15.5839, 2
548, -52.9084, -3.0438, -26.6773, 2
549, -59.1286, -18.1162, -11.2199, 2
550, -57.5491, -44.4218, 6.5309, 2
551, -57.4118, -46.7815, -7.1765, 2
552, -48.1803, -65.7682, 4.4721, 2
553, -59.5655, -16.869, -3.7379, 2
554, -62.1679, -29.8905, 2.6715, 2
555, -53.5268, -51.2143, 15.5804, 2
556, -61.7443, -33.9817, -3.4521, 2
557, -49.9391, -59.401, 11.1777, 2
558, -54.336, -57.592, -0.944, 2
559, -60.692, -37.3004, -12.1369, 2
560, -59.2997, -15.9192, -18.9697, 2
561, -44.478, -66.7902, 17.0146, 2
562, -51.6034, 1.7975, -24.4219, 2
563, -52.9948, -54.7358, 6.1865, 2
564, 62.5796, -34.9061, -3.3959, 2
565, 59.3417, -39.1833, 4.275, 2
566, 57.5085, 0.88737, -21.3515, 2
567, 51.2099, -60.5926, 18.2881, 2
568, 54.9431, -50.7154, 14.1138, 2
569, 64.159, -24.2678, -8.318, 2
570, 47.6549, -68.1176, 16.5725, 2
571, 56.4848, -54.3434, 1.4444, 2
572, 62.1702, -13.8213, -12.9702, 2
573, 56.2323, -46.7576, 5.4141, 2
574, 61.0488, -39.0894, -9.2276, 2
575, 62.8906, -14.375, -19.5156, 2
576, 53.8661, -58.8954, 9.9079, 2
577, 52.0089, -62.4911, 1.4464, 2
578, 59.1333, -46.4333, -4.1583, 2
579, 62.8253, -27.9926, -11.2788, 2
580, 56.8414, -3.4759, -25.1724, 2
581, 47.4387, -69.7708, 5.0119, 2
582, -48.0797, 12.6215, -31.3227, 2
583, -37.2082, 17.0367, -35.9265, 2
584, -25.3205, 10.4247, -38.7568, 2
585, 51.9316, 12.7607, -31.1111, 2
586, 45.4553, 14.2195, -37.374, 2
587, 28.8092, 12.2977, -38.9389, 2
588, 57.9283, 9.6592, -21.9821, 2
589, 38.1802, 17.4054, -36.973, 2
590, -33.6996, 18.1897, -27.7391, 2
591, -51.6528, 7.9925, -12.6717, 6
592, -47.7, 13, -15.1692, 2
593, -25.0491, 11.4189, -29.1019, 2
594, -42.7438, 19.3967, -22.7851, 2
595, 44.0418, 18.7666, -23.7909, 2
596, 33.2675, 14.9236, -28.3503, 2
597, 55.506, 12.239, -16.988, 2
598, 53.1137, 13.8588, -11.7882, 2
599, 58.7792, 5.7489, -5.7922, 2
600, -52.1079, -22.4398, 10.0498, 2
601, -53.2913, -3.3622, -4.315, 2
602, -55.9424, -27.5885, 8.1564, 2
603, -53.8252, -44.3287, 16.2797, 2
604, -53.075, -18.3, 3.1917, 2
605, -55.1496, -36.7244, 19.0394, 2
606, -50.0211, -1.4316, -10.2807, 2
607, -52.2394, -10.9112, -0.83398, 2
608, -55.8718, -33.9145, 12.7778, 2
609, 58.8788, -6.2879, 1.3333, 2
610, 55.213, -47.0686, 18.1227, 2
611, 59.834, -35.7075, 13.2964, 2
612, 59.8607, -32.7869, 7.7295, 2
613, 57.0809, -27.1838, 12.5515, 2
614, 57.9914, -4.0948, -5.2069, 2
615, 58.3071, -37.7528, 19.1011, 2
616, 57.8327, -20.0076, 9.1407, 2
617, 56.4484, -17.3812, 2.1883, 2
618, 58.8685, -15.8167, -3.6414, 2
619, 56.5668, -5.4332, -10.5407, 2
620, 57.5331, -25.547, 1.1777, 2
621, -15.4, -25.6, 8.4857, 2
622, -7.2291, -22.8145, 4.4655, 2
623, -14.6931, -15.6534, 7.8123, 2
624, -7.2687, -11.0075, 5.597, 2
625, 16.6083, -3.2417, 19.85, 2
626, 16.8898, 12.9921, 12.4882, 2
627, 15.1608, 20.6039, -0.66667, 2
628, 9.249, 11.9837, 1.3633, 2
629, 11.1203, -20.2105, 11.9549, 2
630, 8.9023, -11.9474, 3.7444, 2
631, 17.1849, -16.0604, 6.7019, 2
632, 13.6462, -27.0308, 4.4615, 2
633, -3.4186, 39.9225, 10.1705, 2
634, -4.0405, 34.6883, 23.6032, 2
635, -3.03, 27.49, 19.79, 2
636, -4.9239, 15.3198, 27.736, 2
637, -6.2731, 34.7048, -5.0925, 2
638, -4.5387, 46.5387, 3.0627, 2